platform,percentile,value,metric,measured_on
x,0,0,followers,2026-10-05
x,1,2,followers,2026-10-05
x,2,4,followers,2026-10-05
x,3,6,followers,2026-10-05
x,4,9,followers,2026-10-05
x,5,11,followers,2026-10-05
x,6,14,followers,2026-10-05
x,7,18,followers,2026-10-05
x,8,21,followers,2026-10-05
x,9,25,followers,2026-10-05
x,10,29,followers,2026-10-05
x,11,33,followers,2026-10-05
x,12,38,followers,2026-10-05
x,13,43,followers,2026-10-05
x,14,48,followers,2026-10-05
x,15,53,followers,2026-10-05
x,16,59,followers,2026-10-05
x,17,65,followers,2026-10-05
x,18,71,followers,2026-10-05
x,19,77,followers,2026-10-05
x,20,84,followers,2026-10-05
x,21,92,followers,2026-10-05
x,22,99,followers,2026-10-05
x,23,107,followers,2026-10-05
x,24,115,followers,2026-10-05
x,25,123,followers,2026-10-05
x,26,132,followers,2026-10-05
x,27,141,followers,2026-10-05
x,28,150,followers,2026-10-05
x,29,160,followers,2026-10-05
x,30,170,followers,2026-10-05
x,31,180,followers,2026-10-05
x,32,191,followers,2026-10-05
x,33,203,followers,2026-10-05
x,34,214,followers,2026-10-05
x,35,227,followers,2026-10-05
x,36,239,followers,2026-10-05
x,37,253,followers,2026-10-05
x,38,267,followers,2026-10-05
x,39,281,followers,2026-10-05
x,40,296,followers,2026-10-05
x,41,312,followers,2026-10-05
x,42,329,followers,2026-10-05
x,43,346,followers,2026-10-05
x,44,364,followers,2026-10-05
x,45,383,followers,2026-10-05
x,46,403,followers,2026-10-05
x,47,423,followers,2026-10-05
x,48,444,followers,2026-10-05
x,49,467,followers,2026-10-05
x,50,490,followers,2026-10-05
x,51,515,followers,2026-10-05
x,52,541,followers,2026-10-05
x,53,567,followers,2026-10-05
x,54,596,followers,2026-10-05
x,55,626,followers,2026-10-05
x,56,657,followers,2026-10-05
x,57,690,followers,2026-10-05
x,58,726,followers,2026-10-05
x,59,763,followers,2026-10-05
x,60,803,followers,2026-10-05
x,61,846,followers,2026-10-05
x,62,889,followers,2026-10-05
x,63,936,followers,2026-10-05
x,64,985,followers,2026-10-05
x,65,1036,followers,2026-10-05
x,66,1089,followers,2026-10-05
x,67,1147,followers,2026-10-05
x,68,1209,followers,2026-10-05
x,69,1273,followers,2026-10-05
x,70,1345,followers,2026-10-05
x,71,1419,followers,2026-10-05
x,72,1499,followers,2026-10-05
x,73,1589,followers,2026-10-05
x,74,1686,followers,2026-10-05
x,75,1793,followers,2026-10-05
x,76,1906,followers,2026-10-05
x,77,2029,followers,2026-10-05
x,78,2163,followers,2026-10-05
x,79,2313,followers,2026-10-05
x,80,2478,followers,2026-10-05
x,81,2660,followers,2026-10-05
x,82,2869,followers,2026-10-05
x,83,3104,followers,2026-10-05
x,84,3362,followers,2026-10-05
x,85,3657,followers,2026-10-05
x,86,4010,followers,2026-10-05
x,87,4415,followers,2026-10-05
x,88,4900,followers,2026-10-05
x,89,5482,followers,2026-10-05
x,90,6183,followers,2026-10-05
x,91,7067,followers,2026-10-05
x,92,8180,followers,2026-10-05
x,93,9645,followers,2026-10-05
x,94,11537,followers,2026-10-05
x,95,14177,followers,2026-10-05
x,96,18169,followers,2026-10-05
x,97,24846,followers,2026-10-05
x,98,38163,followers,2026-10-05
x,99,76100,followers,2026-10-05
x,99.5,141441,followers,2026-10-05
x,99.8,299516,followers,2026-10-05
x,99.9,560831,followers,2026-10-05
x,99.95,1024374,followers,2026-10-05
x,99.99,3528372,followers,2026-10-05
bluesky,0,1,followers,2026-10-05
bluesky,1,2,followers,2026-10-05
bluesky,2,4,followers,2026-10-05
bluesky,3,6,followers,2026-10-05
bluesky,4,7,followers,2026-10-05
bluesky,5,8,followers,2026-10-05
bluesky,6,10,followers,2026-10-05
bluesky,7,11,followers,2026-10-05
bluesky,8,13,followers,2026-10-05
bluesky,9,15,followers,2026-10-05
bluesky,10,16,followers,2026-10-05
bluesky,11,18,followers,2026-10-05
bluesky,12,19,followers,2026-10-05
bluesky,13,21,followers,2026-10-05
bluesky,14,23,followers,2026-10-05
bluesky,15,24,followers,2026-10-05
bluesky,16,26,followers,2026-10-05
bluesky,17,28,followers,2026-10-05
bluesky,18,30,followers,2026-10-05
bluesky,19,32,followers,2026-10-05
bluesky,20,34,followers,2026-10-05
bluesky,21,36,followers,2026-10-05
bluesky,22,38,followers,2026-10-05
bluesky,23,40,followers,2026-10-05
bluesky,24,42,followers,2026-10-05
bluesky,25,44,followers,2026-10-05
bluesky,26,47,followers,2026-10-05
bluesky,27,49,followers,2026-10-05
bluesky,28,51,followers,2026-10-05
bluesky,29,54,followers,2026-10-05
bluesky,30,56,followers,2026-10-05
bluesky,31,59,followers,2026-10-05
bluesky,32,62,followers,2026-10-05
bluesky,33,65,followers,2026-10-05
bluesky,34,68,followers,2026-10-05
bluesky,35,71,followers,2026-10-05
bluesky,36,74,followers,2026-10-05
bluesky,37,77,followers,2026-10-05
bluesky,38,81,followers,2026-10-05
bluesky,39,84,followers,2026-10-05
bluesky,40,88,followers,2026-10-05
bluesky,41,92,followers,2026-10-05
bluesky,42,95,followers,2026-10-05
bluesky,43,100,followers,2026-10-05
bluesky,44,104,followers,2026-10-05
bluesky,45,108,followers,2026-10-05
bluesky,46,113,followers,2026-10-05
bluesky,47,118,followers,2026-10-05
bluesky,48,123,followers,2026-10-05
bluesky,49,128,followers,2026-10-05
bluesky,50,133,followers,2026-10-05
bluesky,51,139,followers,2026-10-05
bluesky,52,144,followers,2026-10-05
bluesky,53,150,followers,2026-10-05
bluesky,54,157,followers,2026-10-05
bluesky,55,163,followers,2026-10-05
bluesky,56,170,followers,2026-10-05
bluesky,57,177,followers,2026-10-05
bluesky,58,185,followers,2026-10-05
bluesky,59,193,followers,2026-10-05
bluesky,60,201,followers,2026-10-05
bluesky,61,210,followers,2026-10-05
bluesky,62,219,followers,2026-10-05
bluesky,63,228,followers,2026-10-05
bluesky,64,239,followers,2026-10-05
bluesky,65,250,followers,2026-10-05
bluesky,66,261,followers,2026-10-05
bluesky,67,273,followers,2026-10-05
bluesky,68,285,followers,2026-10-05
bluesky,69,299,followers,2026-10-05
bluesky,70,314,followers,2026-10-05
bluesky,71,329,followers,2026-10-05
bluesky,72,345,followers,2026-10-05
bluesky,73,364,followers,2026-10-05
bluesky,74,383,followers,2026-10-05
bluesky,75,403,followers,2026-10-05
bluesky,76,426,followers,2026-10-05
bluesky,77,450,followers,2026-10-05
bluesky,78,477,followers,2026-10-05
bluesky,79,508,followers,2026-10-05
bluesky,80,540,followers,2026-10-05
bluesky,81,575,followers,2026-10-05
bluesky,82,614,followers,2026-10-05
bluesky,83,658,followers,2026-10-05
bluesky,84,707,followers,2026-10-05
bluesky,85,763,followers,2026-10-05
bluesky,86,826,followers,2026-10-05
bluesky,87,899,followers,2026-10-05
bluesky,88,983,followers,2026-10-05
bluesky,89,1082,followers,2026-10-05
bluesky,90,1195,followers,2026-10-05
bluesky,91,1335,followers,2026-10-05
bluesky,92,1506,followers,2026-10-05
bluesky,93,1720,followers,2026-10-05
bluesky,94,2000,followers,2026-10-05
bluesky,95,2377,followers,2026-10-05
bluesky,96,2928,followers,2026-10-05
bluesky,97,3805,followers,2026-10-05
bluesky,98,5404,followers,2026-10-05
bluesky,99,9405,followers,2026-10-05
bluesky,99.5,15426,followers,2026-10-05
bluesky,99.8,27782,followers,2026-10-05
bluesky,99.9,42642,followers,2026-10-05
bluesky,99.95,63987,followers,2026-10-05
bluesky,99.99,170847,followers,2026-10-05
telegram,0,0,subscribers,2026-10-05
telegram,1,0,subscribers,2026-10-05
telegram,2,0,subscribers,2026-10-05
telegram,3,1,subscribers,2026-10-05
telegram,4,1,subscribers,2026-10-05
telegram,5,1,subscribers,2026-10-05
telegram,6,1,subscribers,2026-10-05
telegram,7,1,subscribers,2026-10-05
telegram,8,1,subscribers,2026-10-05
telegram,9,1,subscribers,2026-10-05
telegram,10,1,subscribers,2026-10-05
telegram,11,1,subscribers,2026-10-05
telegram,12,1,subscribers,2026-10-05
telegram,13,1,subscribers,2026-10-05
telegram,14,1,subscribers,2026-10-05
telegram,15,1,subscribers,2026-10-05
telegram,16,1,subscribers,2026-10-05
telegram,17,2,subscribers,2026-10-05
telegram,18,2,subscribers,2026-10-05
telegram,19,2,subscribers,2026-10-05
telegram,20,2,subscribers,2026-10-05
telegram,21,2,subscribers,2026-10-05
telegram,22,2,subscribers,2026-10-05
telegram,23,3,subscribers,2026-10-05
telegram,24,3,subscribers,2026-10-05
telegram,25,4,subscribers,2026-10-05
telegram,26,4,subscribers,2026-10-05
telegram,27,5,subscribers,2026-10-05
telegram,28,6,subscribers,2026-10-05
telegram,29,6,subscribers,2026-10-05
telegram,30,7,subscribers,2026-10-05
telegram,31,9,subscribers,2026-10-05
telegram,32,10,subscribers,2026-10-05
telegram,33,11,subscribers,2026-10-05
telegram,34,12,subscribers,2026-10-05
telegram,35,14,subscribers,2026-10-05
telegram,36,15,subscribers,2026-10-05
telegram,37,17,subscribers,2026-10-05
telegram,38,19,subscribers,2026-10-05
telegram,39,21,subscribers,2026-10-05
telegram,40,23,subscribers,2026-10-05
telegram,41,25,subscribers,2026-10-05
telegram,42,27,subscribers,2026-10-05
telegram,43,30,subscribers,2026-10-05
telegram,44,32,subscribers,2026-10-05
telegram,45,35,subscribers,2026-10-05
telegram,46,38,subscribers,2026-10-05
telegram,47,41,subscribers,2026-10-05
telegram,48,44,subscribers,2026-10-05
telegram,49,47,subscribers,2026-10-05
telegram,50,51,subscribers,2026-10-05
telegram,51,55,subscribers,2026-10-05
telegram,52,59,subscribers,2026-10-05
telegram,53,63,subscribers,2026-10-05
telegram,54,68,subscribers,2026-10-05
telegram,55,73,subscribers,2026-10-05
telegram,56,78,subscribers,2026-10-05
telegram,57,83,subscribers,2026-10-05
telegram,58,89,subscribers,2026-10-05
telegram,59,96,subscribers,2026-10-05
telegram,60,103,subscribers,2026-10-05
telegram,61,110,subscribers,2026-10-05
telegram,62,118,subscribers,2026-10-05
telegram,63,126,subscribers,2026-10-05
telegram,64,135,subscribers,2026-10-05
telegram,65,145,subscribers,2026-10-05
telegram,66,156,subscribers,2026-10-05
telegram,67,167,subscribers,2026-10-05
telegram,68,180,subscribers,2026-10-05
telegram,69,194,subscribers,2026-10-05
telegram,70,208,subscribers,2026-10-05
telegram,71,225,subscribers,2026-10-05
telegram,72,243,subscribers,2026-10-05
telegram,73,265,subscribers,2026-10-05
telegram,74,289,subscribers,2026-10-05
telegram,75,317,subscribers,2026-10-05
telegram,76,348,subscribers,2026-10-05
telegram,77,382,subscribers,2026-10-05
telegram,78,424,subscribers,2026-10-05
telegram,79,470,subscribers,2026-10-05
telegram,80,523,subscribers,2026-10-05
telegram,81,583,subscribers,2026-10-05
telegram,82,654,subscribers,2026-10-05
telegram,83,737,subscribers,2026-10-05
telegram,84,835,subscribers,2026-10-05
telegram,85,949,subscribers,2026-10-05
telegram,86,1082,subscribers,2026-10-05
telegram,87,1234,subscribers,2026-10-05
telegram,88,1422,subscribers,2026-10-05
telegram,89,1652,subscribers,2026-10-05
telegram,90,1939,subscribers,2026-10-05
telegram,91,2307,subscribers,2026-10-05
telegram,92,2791,subscribers,2026-10-05
telegram,93,3439,subscribers,2026-10-05
telegram,94,4373,subscribers,2026-10-05
telegram,95,5700,subscribers,2026-10-05
telegram,96,7745,subscribers,2026-10-05
telegram,97,11056,subscribers,2026-10-05
telegram,98,17664,subscribers,2026-10-05
telegram,99,36309,subscribers,2026-10-05
telegram,99.5,68141,subscribers,2026-10-05
telegram,99.8,143135,subscribers,2026-10-05
telegram,99.9,234111,subscribers,2026-10-05
telegram,99.95,402028,subscribers,2026-10-05
telegram,99.99,1486970,subscribers,2026-10-05
tiktok,0,0,followers,2026-10-05
tiktok,1,1,followers,2026-10-05
tiktok,2,4,followers,2026-10-05
tiktok,3,8,followers,2026-10-05
tiktok,4,13,followers,2026-10-05
tiktok,5,18,followers,2026-10-05
tiktok,6,25,followers,2026-10-05
tiktok,7,32,followers,2026-10-05
tiktok,8,40,followers,2026-10-05
tiktok,9,50,followers,2026-10-05
tiktok,10,61,followers,2026-10-05
tiktok,11,75,followers,2026-10-05
tiktok,12,90,followers,2026-10-05
tiktok,13,107,followers,2026-10-05
tiktok,14,127,followers,2026-10-05
tiktok,15,147,followers,2026-10-05
tiktok,16,171,followers,2026-10-05
tiktok,17,197,followers,2026-10-05
tiktok,18,228,followers,2026-10-05
tiktok,19,259,followers,2026-10-05
tiktok,20,296,followers,2026-10-05
tiktok,21,336,followers,2026-10-05
tiktok,22,381,followers,2026-10-05
tiktok,23,436,followers,2026-10-05
tiktok,24,508,followers,2026-10-05
tiktok,25,577,followers,2026-10-05
tiktok,26,652,followers,2026-10-05
tiktok,27,733,followers,2026-10-05
tiktok,28,821,followers,2026-10-05
tiktok,29,920,followers,2026-10-05
tiktok,30,1011,followers,2026-10-05
tiktok,31,1085,followers,2026-10-05
tiktok,32,1168,followers,2026-10-05
tiktok,33,1256,followers,2026-10-05
tiktok,34,1347,followers,2026-10-05
tiktok,35,1444,followers,2026-10-05
tiktok,36,1574,followers,2026-10-05
tiktok,37,1702,followers,2026-10-05
tiktok,38,1864,followers,2026-10-05
tiktok,39,2025,followers,2026-10-05
tiktok,40,2235,followers,2026-10-05
tiktok,41,2417,followers,2026-10-05
tiktok,42,2662,followers,2026-10-05
tiktok,43,2908,followers,2026-10-05
tiktok,44,3247,followers,2026-10-05
tiktok,45,3606,followers,2026-10-05
tiktok,46,3972,followers,2026-10-05
tiktok,47,4383,followers,2026-10-05
tiktok,48,4836,followers,2026-10-05
tiktok,49,5237,followers,2026-10-05
tiktok,50,5738,followers,2026-10-05
tiktok,51,6297,followers,2026-10-05
tiktok,52,6935,followers,2026-10-05
tiktok,53,7679,followers,2026-10-05
tiktok,54,8538,followers,2026-10-05
tiktok,55,9340,followers,2026-10-05
tiktok,56,10100,followers,2026-10-05
tiktok,57,10747,followers,2026-10-05
tiktok,58,11558,followers,2026-10-05
tiktok,59,12492,followers,2026-10-05
tiktok,60,13493,followers,2026-10-05
tiktok,61,14720,followers,2026-10-05
tiktok,62,16326,followers,2026-10-05
tiktok,63,17936,followers,2026-10-05
tiktok,64,19694,followers,2026-10-05
tiktok,65,21761,followers,2026-10-05
tiktok,66,23913,followers,2026-10-05
tiktok,67,26370,followers,2026-10-05
tiktok,68,29308,followers,2026-10-05
tiktok,69,32292,followers,2026-10-05
tiktok,70,35717,followers,2026-10-05
tiktok,71,39170,followers,2026-10-05
tiktok,72,43887,followers,2026-10-05
tiktok,73,49098,followers,2026-10-05
tiktok,74,54678,followers,2026-10-05
tiktok,75,61329,followers,2026-10-05
tiktok,76,69085,followers,2026-10-05
tiktok,77,78917,followers,2026-10-05
tiktok,78,89282,followers,2026-10-05
tiktok,79,102190,followers,2026-10-05
tiktok,80,115749,followers,2026-10-05
tiktok,81,131737,followers,2026-10-05
tiktok,82,150273,followers,2026-10-05
tiktok,83,172817,followers,2026-10-05
tiktok,84,198127,followers,2026-10-05
tiktok,85,233430,followers,2026-10-05
tiktok,86,270811,followers,2026-10-05
tiktok,87,322248,followers,2026-10-05
tiktok,88,380761,followers,2026-10-05
tiktok,89,463673,followers,2026-10-05
tiktok,90,577896,followers,2026-10-05
tiktok,91,716424,followers,2026-10-05
tiktok,92,961449,followers,2026-10-05
tiktok,93,1317417,followers,2026-10-05
tiktok,94,1777560,followers,2026-10-05
tiktok,95,2548295,followers,2026-10-05
tiktok,96,3835324,followers,2026-10-05
tiktok,97,6084257,followers,2026-10-05
tiktok,98,9671616,followers,2026-10-05
tiktok,99,17018920,followers,2026-10-05
tiktok,99.5,24896642,followers,2026-10-05
tiktok,99.8,41431444,followers,2026-10-05
tiktok,99.9,57705772,followers,2026-10-05
youtube,0,2,subscribers,2026-10-05
youtube,1,93,subscribers,2026-10-05
youtube,2,186,subscribers,2026-10-05
youtube,3,286,subscribers,2026-10-05
youtube,4,399,subscribers,2026-10-05
youtube,5,544,subscribers,2026-10-05
youtube,6,718,subscribers,2026-10-05
youtube,7,894,subscribers,2026-10-05
youtube,8,1060,subscribers,2026-10-05
youtube,9,1240,subscribers,2026-10-05
youtube,10,1470,subscribers,2026-10-05
youtube,11,1710,subscribers,2026-10-05
youtube,12,1980,subscribers,2026-10-05
youtube,13,2250,subscribers,2026-10-05
youtube,14,2560,subscribers,2026-10-05
youtube,15,2900,subscribers,2026-10-05
youtube,16,3230,subscribers,2026-10-05
youtube,17,3600,subscribers,2026-10-05
youtube,18,3990,subscribers,2026-10-05
youtube,19,4470,subscribers,2026-10-05
youtube,20,4990,subscribers,2026-10-05
youtube,21,5530,subscribers,2026-10-05
youtube,22,6090,subscribers,2026-10-05
youtube,23,6650,subscribers,2026-10-05
youtube,24,7320,subscribers,2026-10-05
youtube,25,8080,subscribers,2026-10-05
youtube,26,8890,subscribers,2026-10-05
youtube,27,9820,subscribers,2026-10-05
youtube,28,10700,subscribers,2026-10-05
youtube,29,11700,subscribers,2026-10-05
youtube,30,12700,subscribers,2026-10-05
youtube,31,13800,subscribers,2026-10-05
youtube,32,15000,subscribers,2026-10-05
youtube,33,16400,subscribers,2026-10-05
youtube,34,17900,subscribers,2026-10-05
youtube,35,19400,subscribers,2026-10-05
youtube,36,21100,subscribers,2026-10-05
youtube,37,22900,subscribers,2026-10-05
youtube,38,25000,subscribers,2026-10-05
youtube,39,27100,subscribers,2026-10-05
youtube,40,29200,subscribers,2026-10-05
youtube,41,31400,subscribers,2026-10-05
youtube,42,33900,subscribers,2026-10-05
youtube,43,36700,subscribers,2026-10-05
youtube,44,39900,subscribers,2026-10-05
youtube,45,43200,subscribers,2026-10-05
youtube,46,46700,subscribers,2026-10-05
youtube,47,50600,subscribers,2026-10-05
youtube,48,54600,subscribers,2026-10-05
youtube,49,59200,subscribers,2026-10-05
youtube,50,63500,subscribers,2026-10-05
youtube,51,68300,subscribers,2026-10-05
youtube,52,73700,subscribers,2026-10-05
youtube,53,79300,subscribers,2026-10-05
youtube,54,85200,subscribers,2026-10-05
youtube,55,91700,subscribers,2026-10-05
youtube,56,98900,subscribers,2026-10-05
youtube,57,105000,subscribers,2026-10-05
youtube,58,113000,subscribers,2026-10-05
youtube,59,121000,subscribers,2026-10-05
youtube,60,130000,subscribers,2026-10-05
youtube,61,140000,subscribers,2026-10-05
youtube,62,150000,subscribers,2026-10-05
youtube,63,161000,subscribers,2026-10-05
youtube,64,172000,subscribers,2026-10-05
youtube,65,185000,subscribers,2026-10-05
youtube,66,199000,subscribers,2026-10-05
youtube,67,214000,subscribers,2026-10-05
youtube,68,229000,subscribers,2026-10-05
youtube,69,246000,subscribers,2026-10-05
youtube,70,265000,subscribers,2026-10-05
youtube,71,284000,subscribers,2026-10-05
youtube,72,307000,subscribers,2026-10-05
youtube,73,330000,subscribers,2026-10-05
youtube,74,358000,subscribers,2026-10-05
youtube,75,386000,subscribers,2026-10-05
youtube,76,415000,subscribers,2026-10-05
youtube,77,448000,subscribers,2026-10-05
youtube,78,486000,subscribers,2026-10-05
youtube,79,527000,subscribers,2026-10-05
youtube,80,571000,subscribers,2026-10-05
youtube,81,622000,subscribers,2026-10-05
youtube,82,676000,subscribers,2026-10-05
youtube,83,744000,subscribers,2026-10-05
youtube,84,819000,subscribers,2026-10-05
youtube,85,903000,subscribers,2026-10-05
youtube,86,997000,subscribers,2026-10-05
youtube,87,1110000,subscribers,2026-10-05
youtube,88,1230000,subscribers,2026-10-05
youtube,89,1360000,subscribers,2026-10-05
youtube,90,1540000,subscribers,2026-10-05
youtube,91,1730000,subscribers,2026-10-05
youtube,92,1970000,subscribers,2026-10-05
youtube,93,2300000,subscribers,2026-10-05
youtube,94,2680000,subscribers,2026-10-05
youtube,95,3250000,subscribers,2026-10-05
youtube,96,4080000,subscribers,2026-10-05
youtube,97,5300000,subscribers,2026-10-05
youtube,98,7340000,subscribers,2026-10-05
youtube,99,12100000,subscribers,2026-10-05
youtube,99.5,18800000,subscribers,2026-10-05
youtube,99.8,34200000,subscribers,2026-10-05
youtube,99.9,45200000,subscribers,2026-10-05
kick,0,0,followers,2026-10-05
kick,1,0,followers,2026-10-05
kick,2,0,followers,2026-10-05
kick,3,0,followers,2026-10-05
kick,4,0,followers,2026-10-05
kick,5,0,followers,2026-10-05
kick,6,0,followers,2026-10-05
kick,7,0,followers,2026-10-05
kick,8,0,followers,2026-10-05
kick,9,0,followers,2026-10-05
kick,10,0,followers,2026-10-05
kick,11,0,followers,2026-10-05
kick,12,0,followers,2026-10-05
kick,13,0,followers,2026-10-05
kick,14,0,followers,2026-10-05
kick,15,0,followers,2026-10-05
kick,16,0,followers,2026-10-05
kick,17,0,followers,2026-10-05
kick,18,0,followers,2026-10-05
kick,19,0,followers,2026-10-05
kick,20,0,followers,2026-10-05
kick,21,1,followers,2026-10-05
kick,22,1,followers,2026-10-05
kick,23,1,followers,2026-10-05
kick,24,1,followers,2026-10-05
kick,25,1,followers,2026-10-05
kick,26,1,followers,2026-10-05
kick,27,1,followers,2026-10-05
kick,28,1,followers,2026-10-05
kick,29,1,followers,2026-10-05
kick,30,1,followers,2026-10-05
kick,31,2,followers,2026-10-05
kick,32,2,followers,2026-10-05
kick,33,2,followers,2026-10-05
kick,34,2,followers,2026-10-05
kick,35,2,followers,2026-10-05
kick,36,2,followers,2026-10-05
kick,37,3,followers,2026-10-05
kick,38,3,followers,2026-10-05
kick,39,3,followers,2026-10-05
kick,40,3,followers,2026-10-05
kick,41,4,followers,2026-10-05
kick,42,4,followers,2026-10-05
kick,43,4,followers,2026-10-05
kick,44,5,followers,2026-10-05
kick,45,5,followers,2026-10-05
kick,46,6,followers,2026-10-05
kick,47,6,followers,2026-10-05
kick,48,7,followers,2026-10-05
kick,49,7,followers,2026-10-05
kick,50,8,followers,2026-10-05
kick,51,9,followers,2026-10-05
kick,52,9,followers,2026-10-05
kick,53,10,followers,2026-10-05
kick,54,11,followers,2026-10-05
kick,55,12,followers,2026-10-05
kick,56,13,followers,2026-10-05
kick,57,14,followers,2026-10-05
kick,58,15,followers,2026-10-05
kick,59,16,followers,2026-10-05
kick,60,18,followers,2026-10-05
kick,61,19,followers,2026-10-05
kick,62,21,followers,2026-10-05
kick,63,22,followers,2026-10-05
kick,64,24,followers,2026-10-05
kick,65,26,followers,2026-10-05
kick,66,28,followers,2026-10-05
kick,67,31,followers,2026-10-05
kick,68,34,followers,2026-10-05
kick,69,37,followers,2026-10-05
kick,70,40,followers,2026-10-05
kick,71,44,followers,2026-10-05
kick,72,48,followers,2026-10-05
kick,73,53,followers,2026-10-05
kick,74,58,followers,2026-10-05
kick,75,65,followers,2026-10-05
kick,76,71,followers,2026-10-05
kick,77,79,followers,2026-10-05
kick,78,88,followers,2026-10-05
kick,79,99,followers,2026-10-05
kick,80,110,followers,2026-10-05
kick,81,123,followers,2026-10-05
kick,82,138,followers,2026-10-05
kick,83,156,followers,2026-10-05
kick,84,178,followers,2026-10-05
kick,85,205,followers,2026-10-05
kick,86,237,followers,2026-10-05
kick,87,272,followers,2026-10-05
kick,88,318,followers,2026-10-05
kick,89,375,followers,2026-10-05
kick,90,453,followers,2026-10-05
kick,91,549,followers,2026-10-05
kick,92,681,followers,2026-10-05
kick,93,878,followers,2026-10-05
kick,94,1120,followers,2026-10-05
kick,95,1476,followers,2026-10-05
kick,96,2062,followers,2026-10-05
kick,97,3102,followers,2026-10-05
kick,98,5235,followers,2026-10-05
kick,99,12031,followers,2026-10-05
kick,99.5,25004,followers,2026-10-05
kick,99.8,61638,followers,2026-10-05
kick,99.9,123474,followers,2026-10-05
kick,99.95,223138,followers,2026-10-05
kick,99.99,586388,followers,2026-10-05
twitch,0,0,followers,2026-10-05
twitch,1,0,followers,2026-10-05
twitch,2,0,followers,2026-10-05
twitch,3,0,followers,2026-10-05
twitch,4,1,followers,2026-10-05
twitch,5,1,followers,2026-10-05
twitch,6,1,followers,2026-10-05
twitch,7,2,followers,2026-10-05
twitch,8,2,followers,2026-10-05
twitch,9,2,followers,2026-10-05
twitch,10,3,followers,2026-10-05
twitch,11,3,followers,2026-10-05
twitch,12,4,followers,2026-10-05
twitch,13,4,followers,2026-10-05
twitch,14,5,followers,2026-10-05
twitch,15,5,followers,2026-10-05
twitch,16,6,followers,2026-10-05
twitch,17,6,followers,2026-10-05
twitch,18,7,followers,2026-10-05
twitch,19,7,followers,2026-10-05
twitch,20,8,followers,2026-10-05
twitch,21,9,followers,2026-10-05
twitch,22,10,followers,2026-10-05
twitch,23,10,followers,2026-10-05
twitch,24,11,followers,2026-10-05
twitch,25,12,followers,2026-10-05
twitch,26,13,followers,2026-10-05
twitch,27,14,followers,2026-10-05
twitch,28,15,followers,2026-10-05
twitch,29,16,followers,2026-10-05
twitch,30,17,followers,2026-10-05
twitch,31,19,followers,2026-10-05
twitch,32,20,followers,2026-10-05
twitch,33,22,followers,2026-10-05
twitch,34,23,followers,2026-10-05
twitch,35,25,followers,2026-10-05
twitch,36,27,followers,2026-10-05
twitch,37,29,followers,2026-10-05
twitch,38,31,followers,2026-10-05
twitch,39,33,followers,2026-10-05
twitch,40,35,followers,2026-10-05
twitch,41,37,followers,2026-10-05
twitch,42,40,followers,2026-10-05
twitch,43,43,followers,2026-10-05
twitch,44,46,followers,2026-10-05
twitch,45,49,followers,2026-10-05
twitch,46,53,followers,2026-10-05
twitch,47,56,followers,2026-10-05
twitch,48,60,followers,2026-10-05
twitch,49,65,followers,2026-10-05
twitch,50,69,followers,2026-10-05
twitch,51,74,followers,2026-10-05
twitch,52,79,followers,2026-10-05
twitch,53,84,followers,2026-10-05
twitch,54,90,followers,2026-10-05
twitch,55,97,followers,2026-10-05
twitch,56,103,followers,2026-10-05
twitch,57,110,followers,2026-10-05
twitch,58,117,followers,2026-10-05
twitch,59,125,followers,2026-10-05
twitch,60,134,followers,2026-10-05
twitch,61,142,followers,2026-10-05
twitch,62,152,followers,2026-10-05
twitch,63,162,followers,2026-10-05
twitch,64,173,followers,2026-10-05
twitch,65,185,followers,2026-10-05
twitch,66,198,followers,2026-10-05
twitch,67,211,followers,2026-10-05
twitch,68,226,followers,2026-10-05
twitch,69,241,followers,2026-10-05
twitch,70,258,followers,2026-10-05
twitch,71,276,followers,2026-10-05
twitch,72,296,followers,2026-10-05
twitch,73,318,followers,2026-10-05
twitch,74,342,followers,2026-10-05
twitch,75,367,followers,2026-10-05
twitch,76,396,followers,2026-10-05
twitch,77,428,followers,2026-10-05
twitch,78,464,followers,2026-10-05
twitch,79,504,followers,2026-10-05
twitch,80,547,followers,2026-10-05
twitch,81,597,followers,2026-10-05
twitch,82,654,followers,2026-10-05
twitch,83,719,followers,2026-10-05
twitch,84,795,followers,2026-10-05
twitch,85,882,followers,2026-10-05
twitch,86,988,followers,2026-10-05
twitch,87,1099,followers,2026-10-05
twitch,88,1230,followers,2026-10-05
twitch,89,1392,followers,2026-10-05
twitch,90,1600,followers,2026-10-05
twitch,91,1876,followers,2026-10-05
twitch,92,2233,followers,2026-10-05
twitch,93,2735,followers,2026-10-05
twitch,94,3457,followers,2026-10-05
twitch,95,4586,followers,2026-10-05
twitch,96,6509,followers,2026-10-05
twitch,97,10202,followers,2026-10-05
twitch,98,18641,followers,2026-10-05
twitch,99,48396,followers,2026-10-05
twitch,99.5,110936,followers,2026-10-05
twitch,99.8,285895,followers,2026-10-05
twitch,99.9,552808,followers,2026-10-05
twitch,99.95,951715,followers,2026-10-05
twitch,99.99,2846133,followers,2026-10-05
