dimension,bucket,label,effect_pct,effect_lo_pct,effect_hi_pct,significant,accounts,accounts_agreeing,posts,median_multiple,p90_multiple,window_end
hour_utc,21,21:00 UTC,-0.5,-1.46,0.49,false,21159,10655,115843,0.995,2.893,2026-10-07
hour_utc,23,23:00 UTC,-1.16,-2.38,-0.03,false,17681,8976,90238,0.988,3.012,2026-10-07
hour_utc,20,20:00 UTC,-1.21,-2.16,-0.33,true,23025,11705,131352,0.988,2.827,2026-10-07
hour_utc,0,00:00 UTC,-1.4,-2.4,-0.01,false,17059,8659,88974,0.986,3.008,2026-10-07
hour_utc,22,22:00 UTC,-1.58,-2.67,-0.37,true,19135,9758,100076,0.984,2.906,2026-10-07
hour_utc,18,18:00 UTC,-1.92,-2.86,-0.97,true,26287,13467,148930,0.981,2.84,2026-10-07
hour_utc,1,01:00 UTC,-1.98,-3.3,-0.88,true,17331,8877,89757,0.98,3.017,2026-10-07
hour_utc,15,15:00 UTC,-2.14,-2.86,-1.3,true,31125,16033,176291,0.979,2.829,2026-10-07
hour_utc,19,19:00 UTC,-2.28,-3.18,-1.5,true,24926,12895,141044,0.977,2.815,2026-10-07
hour_utc,12,12:00 UTC,-2.53,-3.34,-1.73,true,27822,14427,153702,0.975,2.761,2026-10-07
hour_utc,11,11:00 UTC,-2.68,-3.56,-1.92,true,25778,13415,140826,0.973,2.746,2026-10-07
hour_utc,13,13:00 UTC,-2.85,-3.59,-2.11,true,30147,15729,166699,0.971,2.768,2026-10-07
hour_utc,10,10:00 UTC,-2.87,-3.49,-2.02,true,23728,12402,129073,0.971,2.687,2026-10-07
hour_utc,16,16:00 UTC,-3.1,-3.89,-2.3,true,29640,15481,170811,0.969,2.726,2026-10-07
hour_utc,17,17:00 UTC,-3.21,-3.9,-2.3,true,28102,14663,158650,0.968,2.758,2026-10-07
hour_utc,2,02:00 UTC,-3.24,-4.42,-2.17,true,17024,8873,87746,0.968,2.93,2026-10-07
hour_utc,9,09:00 UTC,-3.52,-4.33,-2.61,true,22588,11912,124304,0.965,2.692,2026-10-07
hour_utc,8,08:00 UTC,-3.52,-4.46,-2.69,true,20527,10830,108010,0.965,2.711,2026-10-07
hour_utc,3,03:00 UTC,-3.56,-4.67,-2.4,true,17748,9282,94204,0.964,3.109,2026-10-07
hour_utc,14,14:00 UTC,-3.8,-4.55,-2.97,true,30755,16252,172845,0.962,2.634,2026-10-07
hour_utc,5,05:00 UTC,-4.12,-5.25,-3.01,true,15091,7998,74863,0.959,2.673,2026-10-07
hour_utc,7,07:00 UTC,-4.81,-5.75,-3.82,true,18318,9861,93035,0.952,2.513,2026-10-07
hour_utc,4,04:00 UTC,-5.18,-6.11,-4.02,true,15292,8188,75662,0.948,2.785,2026-10-07
hour_utc,6,06:00 UTC,-5.2,-6.16,-4.02,true,16940,9106,85609,0.948,2.675,2026-10-07
dow,0,Sunday,4.82,4.26,5.43,true,46689,25039,393205,1.048,2.781,2026-10-07
dow,6,Saturday,2.08,1.51,2.69,true,47458,24472,392517,1.021,2.609,2026-10-07
dow,1,Monday,1.19,0.7,1.74,true,52046,26585,482840,1.012,2.513,2026-10-07
dow,4,Thursday,-1.75,-2.26,-1.18,true,51196,26333,429802,0.982,2.41,2026-10-07
dow,2,Tuesday,-2.15,-2.65,-1.64,true,52191,27034,520279,0.979,2.384,2026-10-07
dow,5,Friday,-2.88,-3.38,-2.37,true,51701,27107,447054,0.971,2.352,2026-10-07
dow,3,Wednesday,-3.03,-3.54,-2.46,true,51739,27167,471913,0.97,2.411,2026-10-07
link,no,No,74.95,72.69,77.78,true,23109,17768,872045,1.749,7.507,2026-10-07
link,yes,Yes,-41.29,-42.07,-40.5,true,31957,23415,672293,0.587,2.19,2026-10-07
media,yes,Yes,111.39,108.17,114.94,true,34012,26652,1076293,2.114,28.575,2026-10-07
media,no,No,-50.16,-50.85,-49.51,true,39196,30088,774829,0.498,1.724,2026-10-07
video,yes,Yes,51.01,49.33,52.68,true,40129,28234,680612,1.51,11.528,2026-10-07
video,no,No,-29.78,-30.5,-28.94,true,29399,20453,1252668,0.702,1.765,2026-10-07
length_bucket,very_long,Over 280 characters,15.25,14.2,16.22,true,31976,18912,510799,1.153,4.643,2026-10-07
length_bucket,long,180 - 280 characters,-1.4,-2.08,-0.79,true,42392,21656,574135,0.986,3.043,2026-10-07
length_bucket,medium,80 - 180 characters,-2.65,-3.18,-2.09,true,53567,27855,1084830,0.974,2.842,2026-10-07
length_bucket,short,Under 80 characters,-7.81,-8.58,-6.96,true,40658,22104,660950,0.922,2.98,2026-10-07
hashtag_count,0,No hashtags,7.45,6.27,8.74,true,19406,10617,784263,1.075,3.699,2026-10-07
hashtag_count,1,1 hashtag,-4.22,-5.1,-3.24,true,24084,12710,343361,0.958,3.297,2026-10-07
hashtag_count,2,2 hashtags,-5.2,-6.34,-4.06,true,13300,7207,148753,0.948,2.84,2026-10-07
hashtag_count,3+,3+ hashtags,-5.32,-6.64,-3.97,true,10824,5809,165293,0.947,2.991,2026-10-07
